"merchant_id","name","password","addr"
"5865","背带裤","9Z)gu3Jy37","松花江路"
"5866","Hawkins-Shelton","Zlah1AZlJ%","51784 Molly Bridge Apt. 188
Kevinstad, CA 78960"
"5867","Nolan, Lee and Wilson","50Rkdv##@n","7271 Conway Plain
North Ashleyside, GA 89214"
"5868","Barton-Taylor","@hj6ZL6YV_","74049 Kristi Views
Mercadoshire, NJ 73964"
"5869","Lopez, Craig and Mcintyre","$7Uw24RcCJ","9622 Mary Extensions Suite 692
Lake Andrewberg, SD 03390"
"5870","Robinson, Harrison and Morgan","m&7lXBmq+y","1150 Timothy Rest Suite 321
Robinsonview, ND 61764"
"5871","Fischer-Carr","h_2mf3Nu($","65572 James Rapid Apt. 381
Donaldchester, DE 29032"
"5872","Lowe-Allen","8PlXeM*N^@","86647 Hutchinson Cliffs
North Samanthashire, GA 73982"
"5873","Hernandez, Novak and Pacheco","%0)P0Fyz28","61982 Kara Mall Apt. 021
Brownhaven, KY 60442"
"5874","Alvarado, Smith and Tyler","$M$1dFBwzH","528 Fox Courts Apt. 457
Richardstad, NE 26390"
"5875","Williams, Carroll and Munoz","A(Df45uz^U","0973 Jennifer Stream Apt. 149
East Jill, CA 67184"
"5876","Ryan, Stewart and Fox","fL6#sDzuw&","523 Anne Meadows Suite 289
North Tammymouth, WI 21089"
"5877","Robinson, Smith and Patrick","(e#6FKsO3a","11652 Martin Mills Suite 459
East Brianton, DE 56485"
"5878","Arnold and Sons","mPwIiowl%9","6130 Samantha Curve
West Darrenfort, OK 70007"
"5879","Hale, Jimenez and Serrano","#!38ZYfEjI","48449 Paul Meadows
Lake Lauren, GU 85919"
"5880","Weaver, Mcmahon and Garcia","U2Uw_CR0!2","52580 Andrew Street Suite 345
Clarkburgh, IL 59614"
"5881","Fowler LLC","T)^4Z$cA6b","768 Kendra Throughway Apt. 729
Ellisontown, NH 30279"
"5882","Herrera-Walker","g+)2IMvilX","88307 Baker Ridges Suite 868
East Diana, PW 65022"
"5883","Nelson-Mccarthy","SVH1rkZfZ&","896 Kevin Port
Port Kristen, SC 89145"
"5884","Martinez, Yoder and Haynes","21HHP1Cq+k","967 Rodney Cliffs
West Teresamouth, NC 04974"
"5885","Perry and Sons","&Tp5TYyp%^","933 Steven Motorway Apt. 743
Port Theresaside, PA 11310"
"5886","Strickland-Young","b&@3QfIc@@","3563 Cheryl Mall Suite 465
North Christopherhaven, AK 57313"
"5887","Gonzalez LLC","pi3TeJ4C+Z","USNS Farrell
FPO AP 45214"
"5888","Medina PLC","U8HrG%Xn&6","9121 Amanda Lane
Justinton, CT 98655"
"5889","Butler-Davis","%E2bxGEd+k","Unit 9249 Box 4445
DPO AE 78657"
"5890","Evans, Duncan and Rhodes","P1i4dW1n)^","86290 Stevens Plains Suite 132
Lesterstad, GU 85684"
"5891","Sanchez, Clark and Fernandez","TZT1L@uD##","PSC 0971, Box 6840
APO AE 62793"
"5892","Thompson-Gibson","39%Dl)js)R","USNS Bass
FPO AA 83590"
"5893","Nelson Group","$6l1EDi*DO","4163 Sullivan Brook Apt. 384
Kevinmouth, IL 81057"
"5894","Sullivan and Sons","RvF4j!S$1)","52202 Bobby Trafficway Apt. 010
Sherryton, DE 21273"
"5895","Clark PLC","7L#4&Bt@wV","919 Michael Estate
Dudleymouth, GU 52908"
"5896","Patel Inc","FSn#95IarK","94591 Oconnor Plaza
West Anthonyport, MN 90853"
"5897","Warren, Beck and Kelly","3*1310Kys@","6325 Garrison Vista
South Melissa, FL 73488"
"5898","Martin, Rose and Wallace","+*8_Em(7tC","30166 Kathleen Lake
Bryantown, MT 05475"
"5899","Brewer-Smith","2kO$5Qqg9$","925 Blake Oval Apt. 580
Cantufurt, SD 40740"
"5900","Ferguson, Smith and York","$vT2MPXyFI","382 Stanley Extensions Suite 030
Madisonhaven, AK 77494"
"5901","Day Inc","I9ejJwwz__","639 Wheeler Ports
Kylehaven, PR 73469"
"5902","Yates, Hampton and Taylor","14SY3ZkV%i","82936 Christopher Plain
West Staceyhaven, HI 86784"
"5903","Oliver-Walter","c0z5vbEx(y","873 April Parkways
Wilkersonchester, TN 49416"
"5904","Melton, Young and Roberts","^4BM7r*2LS","Unit 5892 Box 6264
DPO AP 86853"
"5905","Fleming Ltd","$HID$5VoEn","33962 Powell Port Apt. 949
North Nathanport, NH 67648"
"5906","Johnson, Henson and Mack",")#7Ddd9qY7","7559 David Walk
East Tara, OH 68237"
"5907","Dorsey, Anderson and Pitts","U()X4MqR00","75354 Andrew Spurs
Allenburgh, MD 89554"
"5908","Maldonado, Williams and Middleto","ud)6CPLBW)","08919 Jamie Gardens Apt. 890
Port Brandon, AZ 35970"
"5909","Stephenson-White","&&JVczEr%6","54466 Sara Course Apt. 636
Alexismouth, OR 80749"
"5910","Clark-Rivera","*#9J&(rlva","61943 Bowman Vista
South Scottview, FM 81607"
"5911","Rodgers LLC",")s#SqCJMr4","52491 Jackson Meadows Suite 222
East Kelly, ID 43764"
"5912","Moore-Wilcox","h2HuTsig&V","520 Harris Parkway
New Jenniferstad, UT 44845"
"5913","Gray-Pierce","n^5$eYOt#3","26828 Shelton Gardens
New Haleyborough, WY 42532"
"5914","Wilson-Chen","#2XrQHLdtw","00072 Jones Square Suite 874
Thompsonland, NV 79769"
"5915","Hunt PLC","!5Z0s(jEh9","2916 Michael Station
Kennethstad, AL 02914"
"5916","Black Inc","$6bA!Tp3xb","86714 Sims Forest Apt. 220
East Beverlyfort, HI 55019"
"5917","Davis, Anthony and Smith","h2MwMp2T)c","PSC 3147, Box 1202
APO AE 63755"
"5918","Henry-Alvarez","7CEZVafz_3","470 Howell River
Davidland, IA 04275"
"5919","Boyd and Sons","(4YYpwaHfL","72905 Walter Rapids Apt. 249
Lake Tonya, IL 43633"
"5920","Johnson, Ellis and Boyd","%E!9JZsrZ5","Unit 2393 Box 0468
DPO AE 47459"
"5921","Martinez, Morris and Harris",")7)IL&xhU!","USS Wong
FPO AA 44413"
"5922","Scott Inc","&1An(HEj1)","7895 Jennifer Mount Apt. 433
Ericton, WA 03920"
"5923","Ford LLC","a&3CDD&Gci","392 Webb River
Port Keith, NE 52006"
"5924","Green, Long and Alvarez","G7AFAbqn+U","14212 Riddle Plains
Richardsonside, IN 38470"
"5925","Peters-Brooks","s)(9HrwGP(","1129 Brown Roads
Port John, PA 53068"
"5926","Blackwell-Armstrong","i4E@t01@(X","Unit 5683 Box 8989
DPO AE 59449"
"5927","Rich, Salazar and Robertson","$Fx7H2jVwd","9872 Hebert Greens Suite 031
New Lisa, IA 69609"
"5928","Medina Inc","T^q23Fog&o","4823 Castillo Mount Apt. 161
South Kristina, MI 59281"
"5929","Lewis-Taylor","@sp%9PEc0&","547 Katrina Alley Apt. 689
New Alexandria, MD 17634"
"5930","Hines-Grimes","h!F7BzSjJ+","0877 Stacey Roads Apt. 180
New Jamesshire, WA 14810"
"5931","Miller-Jimenez","%mbJ*KiLj4","17569 Ricky Ferry
East Danielle, IA 92733"
"5932","Cantrell LLC","(^Pi30cH8J","7607 Finley Passage Suite 401
Bowenburgh, AK 10853"
"5933","Weaver-Murphy","!R!)GKf7g2","3526 Nancy Shore Suite 118
Susanland, VI 66125"
"5934","Campbell, Smith and Howard","O))7&Tmn%D","4423 Duarte Roads Apt. 138
Allenshire, CT 92328"
"5935","White-Osborne","M0N3uI$d!E","11412 Carlson Parks Suite 831
Whitetown, AK 81023"
"5936","Brown PLC","$20Pef0c8D","055 Green Club Apt. 219
Port Benjaminshire, RI 51729"
"5937","Smith-Evans","1kJ&&9OxVq","487 Katherine Views Suite 572
Scottmouth, VI 68709"
"5938","Mason-Hughes","(#v6KxU#as","1743 Ann Fork
Lisafort, NM 98998"
"5939","Ortiz-Oneill","F6xV1QYr#E","588 Peter Valleys Suite 867
West Kimberly, OK 11268"
"5940","Ward, Mclean and Fleming","2^hZ8Rp$c%","15557 Matthew Summit Suite 366
New April, SD 92999"
"5941","Chapman, Harris and Williams","y46fN9gI$i","06970 Andrew Vista
North Christopherhaven, AL 58806"
"5942","Lane PLC","!_*2oLYxyD","06607 Flores Harbor
North Matthewhaven, GU 91815"
"5943","Johnson-Rodriguez","!2VA%q1FC5","6658 Knox View
Jamesfort, AR 51930"
"5944","Mason and Sons","(7OIMxUM6C","USCGC Green
FPO AA 07732"
"5945","Fuller Group","T&a2JNjnIU","262 Jennifer Ville
East Ashleyport, SC 64590"
"5946","Choi-Rodriguez",")u87MuYELo","47379 Danielle Common
Anthonybury, DE 23065"
"5947","Davis and Sons","&P6AXQwU5m","946 Denise Flats
Rodriguezhaven, NH 95669"
"5948","Maldonado Ltd","$K1NSD!fRK","9743 Edwards Locks
Jessicaville, VA 97590"
"5949","Espinoza, Duran and Jackson","M(5Hl*S5mx","132 Mary Road
West Lisa, KY 46390"
"5950","Snyder, Allen and Kim","fW4WNLpl)M","89182 Jade Haven
Hodgefort, MT 13049"
"5951","Cox-Williams","z9HV!LOb^R","061 Scott Village
Lake Robert, VT 08868"
"5952","Jones, Johnston and Adams","+p)YAu#Of9","221 Elizabeth Passage
North Heatherton, PW 65225"
"5953","Hall, Perry and Smith","_*Bd6Ipx1K","926 Krystal Hills
South Kayla, NC 92891"
"5954","Oliver Group","$bT577pz^7","89358 Perry View
Lake Jennifer, UT 79434"
"5955","Solis-Hodges","8&9aOhla9G","1083 Riley Summit Apt. 814
Port Melanie, KS 91523"
"5956","Vargas LLC","+7KF&kM1j9","27244 Timothy Forges Suite 669
East Loganview, SD 28173"
"5957","Hale, Turner and Li","7l%7O4t##n","USCGC Jacobs
FPO AA 49116"
"5958","Griffin, Johnson and Salazar","*YRqUlEdg3","24616 Robyn Brook Suite 960
New Kendra, ME 88909"
"5959","Harrison and Sons","qs1hYi!Rv_","13853 Peterson Court
Lake Mollymouth, MS 60707"
"5960","Mclaughlin-Cannon","S@!3OPvfH5","86362 Pamela Greens Apt. 157
Port Mariaview, NM 23317"
"5961","Wagner-Turner","V*Iy3DYlf@","3153 Wesley Mall Suite 854
Barkerberg, IA 82396"
"5962","Frazier, Gregory and Love","@*6zZ!Gfqw","87127 Margaret Shoal Suite 711
Wendymouth, DC 56958"
"5963","篮球厂","21412413412","china"
"5964","qaq","faadfasdw","131231"
"5965","华为","13112323123","美国"
"5966","曹县","23123121231","曹县"
